                  epoch,         train/box_loss,         train/cls_loss,         train/dfl_loss,   metrics/precision(B),      metrics/recall(B),       metrics/mAP50(B),    metrics/mAP50-95(B),           val/box_loss,           val/cls_loss,           val/dfl_loss,                 lr/pg0,                 lr/pg1,                 lr/pg2
                      1,                 1.0813,                 3.2695,                 1.1135,                0.59241,                0.10417,                0.10476,                0.06699,                 1.3009,                 4.2054,                 1.2083,                 0.0901,                 0.0011,                 0.0011
                      2,                0.95649,                 1.8037,                0.98989,                0.51406,                    0.1,                0.10527,                0.08211,                 1.9702,                 45.498,                 2.3169,               0.078845,              0.0018446,              0.0018446
                      3,                 0.9661,                 1.3447,                0.98025,                0.54052,                0.62805,                0.41731,                0.27362,                0.91159,                 76.251,                 1.0347,               0.067114,               0.002114,               0.002114
                      4,                0.87501,                 1.1801,                 0.9266,                0.30273,                0.64558,                0.51682,                0.36403,                0.69176,                 271.99,                0.80196,               0.054908,              0.0019082,              0.0019082
                      5,                 0.7513,                 1.0708,                0.89257,                0.25317,                0.87821,                0.70442,                0.55546,                0.54099,                  46.83,                0.67778,               0.042227,              0.0012272,              0.0012272
